objectname,objectid,rating,own,prevowned,wanttoplay,wishlist,wishlistpriority,average,avgweight,rank,minplayers,maxplayers,maxplaytime,minplaytime,yearpublished,itemtype
221B Baker Street: The Master Detective Game,1275,3,0,1,0,0,1,6.00688,1.7885,5911,2,6,90,90,1975,standalone
5-Minute Marvel,253618,0,0,0,0,1,3,6.73206,1.1375,2279,2,5,5,5,2018,standalone
5-Minute Mystery,294514,4,0,1,0,0,1,6.96446,1.1633,2061,1,6,30,5,2020,standalone
50 Clues: Escape the Blast Zone,369337,0,0,0,1,0,3,5.50741,1.5,25697,1,5,20,20,2022,standalone
51st State: Master Set,192458,0,0,0,0,0,3,7.53537,2.893,484,1,4,90,60,2016,standalone
7 Wonders,68448,5,0,0,0,0,3,7.66267,2.3144,117,2,7,30,30,2010,standalone
7 Wonders Dice,446231,6,0,0,0,0,3,6.41892,2.1212,4163,2,7,30,25,2025,standalone
7 Wonders Duel,173346,7,1,0,0,0,1,8.07726,2.2273,24,2,2,30,30,2015,standalone
The 7th Citadel,286063,0,1,0,0,0,1,8.32342,2.9529,742,1,4,1000,5,2024,standalone
The 7th Continent,180263,7,1,0,0,0,2,7.73032,2.8969,163,1,4,1000,5,2017,standalone
The 7th Continent: Classic Edition,283317,7,0,1,0,0,1,7.43805,3.1846,1761,1,4,1000,5,2019,standalone
"The 7th Continent: What Goes Up, Must Come Down",236206,0,1,0,0,0,1,8.23161,3.0526,0,1,4,1000,5,2019,expansion
Above and Below,172818,6,0,1,0,0,1,7.34106,2.5151,423,2,4,90,90,2015,standalone
Above and Below: Expanded Edition Exclusives,175452,0,0,1,0,0,3,7.68088,2.7143,0,2,4,120,90,2015,expansion
Acquire,5,7.5,1,0,0,0,1,7.35655,2.4888,361,2,6,90,90,1963,standalone
Adrift: A Puzzletale,364276,8,1,0,0,0,1,7.74105,2.9,8406,1,4,180,90,2022,standalone
Adventure Games: Monochrome Inc.,267814,6,0,1,0,0,1,6.53517,1.9286,3456,1,4,75,75,2019,standalone
Adventure Games: The Dungeon,267813,7,0,1,0,0,2,6.90935,1.6623,2026,1,4,90,90,2019,standalone
Adventure Games: The Volcanic Island,284082,6,1,0,0,0,3,5.884,2.05,9901,1,4,75,75,2019,standalone
The Adventures of Robin Hood,326494,7,1,0,0,0,1,7.42036,1.8287,783,2,4,60,60,2021,standalone
Aeon Trespass: Odyssey,242705,0,0,0,0,0,3,8.98797,4.7476,587,1,4,0,90,2022,standalone
Aeon's End,191189,8,1,0,0,0,1,7.86343,2.8003,108,1,4,60,60,2016,standalone
Aeon's End: The Nameless,212139,0,0,0,0,0,1,8.34461,2.84,0,1,4,60,60,2017,expansion
Aeon's End: The New Age,270633,0,0,0,0,0,3,8.48266,2.9103,305,1,4,60,60,2019,standalone
Aeon's End: War Eternal,218417,0,1,0,0,0,1,8.2265,2.9249,149,1,4,60,60,2017,standalone
Age of Wonders: Planetfall,353848,0,0,0,1,0,3,7.0319,2.125,6366,2,6,40,20,2022,standalone
Agents of SMERSH,111105,0,0,0,1,0,3,6.93034,2.4848,2663,1,4,90,90,2012,standalone
Agricola: Family Edition,205418,0,0,1,0,0,1,7.03438,2.3978,1673,1,4,45,45,2016,standalone
Alhambra,6249,5,0,0,0,0,3,7.03564,2.0974,611,2,6,60,45,2003,standalone
ALIEN: Fate of the Nostromo,332321,0,0,0,0,1,3,7.0522,1.9391,1824,1,5,60,45,2021,standalone
Amerigo,137408,0,0,1,0,0,1,7.43309,2.9719,605,2,4,90,90,2013,standalone
Android,39339,7,0,1,1,0,4,6.74061,3.9621,2005,3,5,180,180,2008,standalone
Android: Infiltration,118063,6,1,0,0,0,1,6.50277,2.1008,2671,2,6,45,30,2012,standalone
Andromeda's Edge,358661,0,0,0,1,0,3,8.2527,3.745,179,2,4,160,80,2024,standalone
Apples to Apples,74,3,0,1,0,0,1,5.73927,1.1527,8182,4,10,30,20,1999,standalone
The Apprentice Game,16530,0,0,1,0,0,3,4.11395,1.1667,29156,2,2,60,60,2005,standalone
Arkham Horror (Third Edition),257499,8,0,0,0,1,4,7.67632,3.3733,355,1,6,180,120,2018,standalone
Arkham Horror: The Card Game,205637,10,1,0,0,0,1,8.11935,3.5658,32,1,2,120,60,2016,standalone
Arkham Horror: The Card Game,463126,0,0,0,0,0,3,8.94433,3.871,2856,1,4,120,60,2026,standalone
Arkham Horror: The Card Game – Blood on the Altar: Mythos Pack,216556,0,1,0,0,0,1,8.22057,3.5385,0,1,4,120,60,2017,expansion
Arkham Horror: The Card Game – Carnevale of Horrors: Scenario Pack,215510,0,0,0,1,1,3,8.19433,3.5882,0,1,4,120,60,2016,expansion
Arkham Horror: The Card Game – Edge of the Earth: Campaign Expansion,340035,0,1,0,0,0,1,8.57531,3.8,0,1,4,180,45,2021,expansion
Arkham Horror: The Card Game – Edge of the Earth: Investigator Expansion,340036,0,1,0,0,0,3,8.65678,3.7692,0,1,4,180,45,2021,expansion
Arkham Horror: The Card Game – Film Fatale: Scenario Pack,448054,0,1,0,0,0,3,8.36593,4.25,0,1,4,120,60,2025,expansion
Arkham Horror: The Card Game – Harvey Walters: Investigator Starter Deck,305512,0,1,0,0,0,3,8.3638,3.5556,0,1,2,120,60,2020,expansion
Arkham Horror: The Card Game – Jacqueline Fine: Investigator Starter Deck,305517,0,1,0,0,0,3,8.5724,3.5556,0,1,2,120,60,2020,expansion
Arkham Horror: The Card Game – Lost in Time and Space: Mythos Pack,224363,0,1,0,0,0,1,8.27037,3.4167,0,1,4,120,60,2017,expansion
Arkham Horror: The Card Game – Murder at the Excelsior Hotel: Scenario Pack,284354,10,1,0,0,0,3,8.54618,3.5263,0,1,2,120,60,2019,expansion
Arkham Horror: The Card Game – Nathaniel Cho: Investigator Starter Deck,305509,0,1,0,0,0,3,8.50668,3.375,0,1,2,120,60,2020,expansion
Arkham Horror: The Card Game – Return to the Night of the Zealot,244145,0,1,0,0,0,1,8.01252,3.8,0,1,2,120,60,2018,expansion
Arkham Horror: The Card Game – Stella Clark: Investigator Starter Deck,305518,0,1,0,0,0,3,8.55161,3.5,0,1,2,120,60,2020,expansion
Arkham Horror: The Card Game – The Blob That Ate Everything: Scenario Pack,280714,0,0,0,1,1,1,8.46758,3.7273,0,1,4,120,60,2019,expansion
Arkham Horror: The Card Game – The Circle Undone: Campaign Expansion,382510,0,0,0,1,1,3,8.4478,3.8333,0,1,4,180,45,2023,expansion
Arkham Horror: The Card Game – The Circle Undone: Investigator Expansion,382509,0,0,0,0,1,4,8.79366,3.75,0,1,4,180,45,2023,expansion
Arkham Horror: The Card Game – The Drowned City: Campaign Expansion,428879,0,1,0,0,0,1,7.84304,3.8571,0,1,4,180,45,2025,expansion
Arkham Horror: The Card Game – The Drowned City: Investigator Expansion,428880,0,1,0,0,0,3,8.79832,3.6667,0,1,4,180,45,2025,expansion
Arkham Horror: The Card Game – The Dunwich Legacy: Expansion,208545,10,1,0,0,0,3,8.41262,3.4603,0,1,2,120,60,2017,expansion
Arkham Horror: The Card Game – The Essex County Express: Mythos Pack,212734,0,1,0,0,0,1,8.32574,3.7419,0,1,4,120,60,2017,expansion
Arkham Horror: The Card Game – The Feast of Hemlock Vale: Campaign Expansion,398893,0,0,0,1,0,1,8.75587,4.1,0,1,4,90,90,2024,expansion
Arkham Horror: The Card Game – The Forgotten Age: Campaign Expansion,377055,0,1,0,0,0,1,8.55783,3.9091,0,1,4,180,45,2023,expansion
Arkham Horror: The Card Game – The Midwinter Gala: Scenario Pack,424487,0,0,0,1,1,2,8.23212,3.5,0,1,4,120,60,2024,expansion
Arkham Horror: The Card Game – The Miskatonic Museum: Mythos Pack,210025,0,1,0,0,0,1,8.05233,3.3667,0,1,4,120,60,2017,expansion
Arkham Horror: The Card Game – The Path to Carcosa: Campaign Expansion,358212,0,1,0,0,0,1,8.9453,3.6875,0,1,4,180,45,2022,expansion
Arkham Horror: The Card Game – The Path to Carcosa: Investigator Expansion,358213,0,0,0,0,1,1,8.80591,3.8333,0,1,4,0,0,2022,expansion
Arkham Horror: The Card Game – Undimensioned and Unseen: Mythos Pack,219054,0,1,0,0,0,1,7.90668,3.6923,0,1,4,120,60,2017,expansion
Arkham Horror: The Card Game – Where Doom Awaits: Mythos Pack,221725,0,1,0,0,0,1,8.08081,3.6,0,1,2,120,60,2017,expansion
Arkham Horror: The Card Game – Winifred Habbamock: Investigator Starter Deck,305513,0,1,0,0,0,3,8.46975,3.5,0,1,2,120,60,2020,expansion
Arydia: The Paths We Dare Tread,219650,0,0,0,1,0,3,9.00991,3.3028,405,1,4,240,60,2025,standalone
Atlantis Rising (Second Edition),248490,0,0,0,0,1,3,7.47966,2.4643,682,1,7,120,60,2019,standalone
Awkward Guests: The Walton Case,188866,0,1,0,0,0,3,7.53303,2.3165,398,1,8,75,45,2016,standalone
The Awkward Storyteller,268588,0,1,1,0,0,3,5.21707,1,27003,4,11,0,0,2017,standalone
Azul,230802,6.5,1,0,0,0,1,7.71542,1.7745,98,2,4,45,30,2017,standalone
Backstories: The Emerald Wedding Anniversary,425610,0,0,0,1,0,3,7.4428,1,9988,1,6,60,60,2024,standalone
Balloon Cup,5716,0,1,0,0,0,1,6.67865,1.46,1724,2,2,30,30,2003,standalone
BANG! The Dice Game,143741,7,1,0,0,0,3,6.87635,1.2789,875,3,8,15,15,2013,standalone
Batman: Everybody Lies,355276,0,1,0,0,0,2,6.48366,1.7778,8447,2,4,180,120,2022,standalone
Battle of the Sexes,10462,3,0,1,0,0,1,3.55488,1.1667,29634,4,16,60,60,1986,standalone
Battle Sheep,54137,5,0,1,0,0,1,6.59715,1.4555,2034,2,4,15,15,2010,standalone
BattleLore: Second Edition,146439,0,0,0,1,0,3,7.66867,2.7307,453,2,2,90,45,2013,standalone
Battlestar Galactica: The Board Game,37111,10,1,0,0,0,1,7.73109,3.2513,126,3,6,180,120,2008,standalone
Battlestar Galactica: The Board Game – Daybreak Expansion,141648,0,0,0,0,0,4,8.26711,3.64,0,3,7,180,120,2013,expansion
Battlestar Galactica: The Board Game – Daybreak Expansion,141648,0,0,0,0,0,3,8.26711,3.64,0,3,7,180,120,2013,expansion
Battlestar Galactica: The Board Game – Daybreak Expansion,141648,0,0,0,0,0,3,8.26711,3.64,0,3,7,180,120,2013,expansion
Battlestar Galactica: The Board Game – Exodus Expansion,85905,0,0,0,0,1,3,8.11799,3.5556,0,3,6,180,120,2010,expansion
Battlestar Galactica: The Board Game – Pegasus Expansion,43539,0,1,0,0,0,3,7.88029,3.3131,0,3,7,180,120,2009,expansion
Betrayal at House on the Hill,10547,6,0,1,0,0,3,7.00835,2.3986,768,3,6,60,60,2004,standalone
Betrayal at House on the Hill: 3rd Edition,358504,7,0,0,0,0,3,7.29409,2.3761,1279,3,6,60,60,2022,standalone
Beyond Baker Street,168681,0,0,0,1,0,3,6.80031,2.1667,2451,2,4,30,30,2016,standalone
Biblios,34219,3,0,1,0,0,1,7.19428,1.6917,517,2,4,30,30,2007,standalone
Black Orchestra,156858,0,0,0,0,1,5,7.49143,2.4186,534,1,5,90,90,2016,standalone
Blackbrim: 1876,335953,8,0,1,0,0,3,7.39917,2.5,14559,1,6,240,120,2020,standalone
Blood on the Clocktower,240980,7,0,0,0,0,3,8.35122,3.0365,68,6,21,120,30,2022,standalone
Body of Evidence: Best Served Cold,400510,5,0,1,0,0,3,7.09524,2.5,0,1,4,180,120,2023,standalone
Boggle,1293,4,1,0,0,0,1,6.25379,1.4568,2970,1,8,10,10,1972,standalone
Boogeyman: The Board Game,324342,0,1,0,0,0,3,6.35612,2,12099,1,6,60,60,2022,standalone
Boss Monster: Collector Box,194669,4,0,1,0,0,3,6.99647,1.4,0,2,4,0,20,2015,expansion
Box One,323255,0,0,0,0,0,3,7.67618,2,1899,1,1,240,180,2020,standalone
Bullet♥︎,307305,0,0,0,0,1,5,7.60644,2.1565,672,1,4,20,10,2021,standalone
Bureau of Investigation: Investigations in Arkham & Elsewhere,353905,0,1,0,0,0,3,7.20883,2.5652,3947,1,8,240,120,2022,standalone
Burgle Bros.,172081,6,0,0,0,0,2,7.40282,2.3144,416,1,4,90,45,2015,standalone
Burn Rate,3341,6,1,0,0,0,1,6.09413,1.5763,8756,2,4,45,45,2002,standalone
Call to Adventure,238992,7,1,0,0,0,4,7.04977,2.0059,1112,1,4,60,30,2019,standalone
Camel Up,153938,5,1,1,0,0,1,7.03058,1.5015,643,2,8,30,20,2014,standalone
Camel Up (Second Edition),260605,5,0,0,0,0,3,7.53891,1.5116,267,3,8,45,30,2018,standalone
Can't Stop,41,6.5,0,0,0,0,3,6.94566,1.1432,764,2,4,30,30,1980,standalone
Cantaloop: Book 1 – Breaking into Prison,325555,7,1,0,0,0,3,7.36996,2.0698,2068,1,2,720,300,2020,standalone
The Captain Is Dead,159503,0,0,0,0,0,3,7.05017,2.398,1596,2,7,90,60,2014,standalone
The Captain Is Dead: Lockdown,208804,0,1,0,0,0,3,6.56038,2.8333,9055,1,7,120,90,2017,standalone
Captain Sonar,171131,6,0,0,0,0,3,7.49843,2.2055,245,2,8,60,45,2016,standalone
Carcassonne,822,5,0,1,0,0,1,7.41633,1.885,238,2,5,45,30,2000,standalone
Carcassonne: The Castle,7717,5,0,1,0,0,1,7.10428,1.9852,853,2,2,45,30,2003,standalone
Cartographers,263918,0,1,0,0,0,3,7.5544,1.8891,182,1,100,45,30,2019,standalone
Cascadia,295947,0,1,0,0,0,3,7.8902,1.8424,60,1,4,45,30,2021,standalone
Castle Panic,43443,7,1,1,0,0,3,6.6536,1.66,1406,1,6,60,30,2009,standalone
The Castles of Burgundy,84876,8,1,0,0,0,3,8.16057,2.9708,15,2,4,90,30,2011,standalone
Castles of Mad King Ludwig,155426,0,1,0,0,0,1,7.49879,2.6461,234,1,4,90,90,2014,standalone
Castles of Mad King Ludwig: Secrets,174296,0,1,0,0,0,3,7.29888,2.7174,0,1,4,90,45,2015,expansion
Catan,13,4,1,1,0,0,1,7.09093,2.2825,615,3,4,120,60,1995,standalone
Catan: 5-6 Player Expansion,2807,0,0,0,0,0,3,6.98036,2.3105,0,5,6,120,120,1996,expansion
Catan: Cities & Knights,926,0,0,1,0,0,3,7.45243,2.8964,0,3,4,150,90,1998,expansion
Catan: Seafarers,325,0,0,1,0,0,3,7.16456,2.3752,0,3,4,90,90,1997,expansion
Caverna: Cave vs Cave,220520,6,1,1,0,0,3,7.07538,2.5594,947,1,2,40,20,2017,standalone
Century: Spice Road,209685,8,1,0,0,0,1,7.29007,1.7986,385,2,5,45,30,2017,standalone
Charterstone,197376,7,1,0,0,0,1,7.1751,2.8571,637,1,6,75,45,2017,standalone
Chess,171,0,1,1,0,0,1,7.23786,3.6451,461,2,2,0,0,1475,standalone
Chez Geek,553,4,0,1,0,0,1,5.7003,1.4153,10754,2,5,60,60,1999,standalone
Chinatown,47,7,1,0,0,0,1,7.44358,2.2241,377,3,5,60,60,1999,standalone
Choose Your Own Adventure: House of Danger,251420,0,1,0,0,0,1,6.2117,1.1935,3993,1,99,60,60,2018,standalone
Chronicles of Crime,239188,4,0,1,0,0,2,7.53297,2.0616,344,1,4,90,60,2018,standalone
Chronicles of Crime: 1900,302098,0,1,0,0,0,3,7.87888,1.9111,1243,1,4,90,60,2021,standalone
CIA: Collect It All,251642,2,0,1,0,0,3,4.84057,1.2,29146,2,5,30,30,2018,standalone
Citadels,478,7.5,1,0,0,0,1,7.05353,2.0466,588,2,8,60,20,2000,standalone
City of Remnants,133528,0,0,1,0,0,3,6.77517,3.1299,3643,2,4,90,90,2013,standalone
Clue,1294,6,1,0,0,0,1,5.68539,1.6416,11031,2,6,45,45,1949,standalone
Clue: Treachery at Tudor Mansion,369483,4,0,1,0,0,1,6.30894,1.4,9260,1,6,90,90,2022,standalone
Codenames,178900,6,1,0,0,0,1,7.52494,1.2553,162,2,8,15,15,2015,standalone
Codenames: Disney – Family Edition,220775,6,0,1,0,0,1,6.58254,1.2286,2550,2,8,15,15,2017,standalone
Coloretto,5782,6,1,1,0,0,1,6.98115,1.2703,731,2,5,30,30,2003,standalone
Colt Express,158899,0,0,1,0,0,1,7.09633,1.8359,556,2,6,40,40,2014,standalone
Comic Book Killer,419420,0,1,0,0,0,3,6.33333,0,0,1,4,180,90,2024,standalone
Concordia,124361,7,0,0,0,0,3,8.07697,2.9881,29,2,5,100,100,2013,standalone
Cooper Island,269511,0,0,1,0,0,3,7.54942,4.16,723,1,4,120,60,2019,standalone
Cosmic Encounter,39463,5,0,1,0,0,1,7.50742,2.5814,230,3,5,120,60,2008,standalone
Coup,131357,7,1,0,0,0,1,6.97511,1.4152,713,2,6,15,15,2012,standalone
Coup: Bureaucrat Promo Card,374732,0,1,0,0,0,3,7.17917,1,0,2,10,20,10,2017,expansion
Coup: Jester Promo Card,186524,0,1,0,0,0,1,7.32949,1,0,2,10,20,10,2015,expansion
Coup: Rebellion G54,148943,5,0,1,0,0,3,6.98238,1.9529,1881,3,6,15,15,2014,standalone
Coup: Reformation,148931,7,1,0,0,0,3,7.25253,1.6025,0,2,10,15,15,2013,expansion
Cozy Stickerville,456440,8,1,0,0,0,3,8.34614,1.2034,1079,1,6,30,30,2026,standalone
Cranium,891,4,0,1,0,0,1,5.68459,1.4158,10900,4,99,60,60,1998,standalone
Cranium: Hoopla,4424,0,0,1,0,0,3,6.18512,1.2708,6634,2,99,20,20,2002,standalone
The Crew: The Quest for Planet Nine,284083,5,0,0,0,0,3,7.756,1.9659,93,2,5,20,20,2019,standalone
Cryptid,246784,4,0,0,0,0,5,7.42511,2.2551,337,3,5,50,30,2018,standalone
Cthulhu: Death May Die,253344,10,0,0,0,1,5,8.18244,2.5,54,1,5,120,90,2019,standalone
Cthulhu: Death May Die – Fear of the Unknown,373600,10,1,0,0,0,1,8.71982,2.6977,858,1,5,90,90,2024,standalone
Cthulhu: Death May Die – Forbidden Reaches,433640,0,0,0,1,0,3,7.75882,3.6667,0,1,5,90,90,2026,standalone
Cthulhu: Death May Die – Season 4 Expansion,374590,0,0,0,0,1,3,8.94277,3,0,1,5,120,90,2024,expansion
Cthulhu: Death May Die – Unknowable Box,375366,8,1,0,0,0,3,8.94147,3.6667,0,1,5,90,90,2024,expansion
Cthulhu: Death May Die – Unspeakable Box,256986,0,0,0,0,1,2,8.67502,3.125,0,1,5,0,0,2019,expansion
The Dark and Stormy Night,306950,6,0,1,0,0,3,7.01,0,0,1,6,240,45,2019,standalone
Dead Cells: The Rogue-Lite Board Game,380135,0,0,0,0,1,5,7.57357,2.3548,1630,1,4,45,45,2024,standalone
Dead of Winter: A Crossroads Game,150376,7,0,1,0,0,1,7.43964,3.0143,251,2,5,120,60,2014,standalone
Decktective: Bloody-Red Roses,286827,2,0,1,0,0,3,6.49496,1.1667,5182,1,6,60,60,2019,standalone
Deep Regrets,397931,0,0,0,1,1,3,7.31681,2.33,1413,1,5,150,30,2025,standalone
Detective Club,256788,0,1,1,0,0,3,7.35523,1.2308,879,4,8,45,45,2018,standalone
Detective:  L.A. Crimes,264005,9,0,1,0,0,3,7.70471,3.0556,0,1,5,180,120,2019,expansion
Detective: A Modern Crime Board Game,223321,10,0,1,0,0,1,7.606,2.7438,340,1,5,180,120,2018,standalone
Detective: A Modern Crime Board Game – Case 6: Suburbia,262328,6,1,0,0,0,1,7.31107,2.25,0,1,5,120,90,2018,expansion
Detective: A Modern Crime Board Game – Season One,293531,6,0,0,0,0,3,6.83466,2.0312,3354,1,5,120,90,2020,standalone
Detective: Bullets over Hollywood,237900,0,0,0,1,1,3,8.38373,2.8889,0,1,5,150,30,2019,expansion
Detective: City of Angels,218074,8,0,0,0,0,3,7.8518,2.3596,641,1,5,150,30,2019,standalone
Detective: City of Angels – Cloak & Daggered,335914,0,0,0,1,1,3,8.31132,0,0,1,5,90,60,2021,expansion
Detective: Heists & Heartbreak,443875,0,0,0,1,1,3,8.11111,1,0,1,5,150,30,2026,expansion
Detective: Saints & Sinners,388374,0,0,0,1,1,3,8.62045,2,0,1,5,120,120,2023,expansion
Detective: Signature Series – Dig Deeper,299442,9,0,1,0,0,1,7.31856,2.6,0,1,5,120,90,2020,expansion
Detective: Signature Series – Petty Officers,315275,0,0,0,1,1,3,6.32169,1.8,0,1,5,120,90,2021,expansion
Detective: Smoke and Mirrors,287075,0,0,0,1,1,3,8.47284,2.6667,0,1,5,120,45,2020,expansion
Dice City,179572,6,1,0,0,0,1,6.70921,2.0168,1770,1,4,60,45,2015,standalone
Dice Town,40793,0,0,0,0,0,2,6.8748,1.6883,1196,2,5,45,45,2009,standalone
Dilbert: Corporate Shuffle,1814,5,0,1,0,0,1,5.95961,1.3065,9671,4,6,15,15,1997,standalone
The Disappearance of Cadet Turner,373983,4,0,1,0,0,3,5,0,0,1,6,180,150,2019,standalone
Disney Villainous: The Worst Takes it All,256382,5,0,0,0,0,3,6.90996,2.4818,949,2,6,120,45,2018,standalone
Divinity Original Sin: The Board Game,294378,0,0,0,1,0,3,8.17945,3.2051,4016,1,4,120,45,2023,standalone
Dixit,39856,7,1,0,0,0,1,7.18081,1.1921,425,3,6,30,30,2008,standalone
Dixit: Odyssey,92828,0,0,0,0,0,1,7.37913,1.1605,351,3,12,30,30,2011,standalone
Dixit: Odyssey (expansion),138547,0,1,0,0,0,3,7.58535,1.2963,0,3,6,30,30,2013,expansion
Dixit: Origins,145325,0,1,0,0,0,3,7.70761,1.275,0,3,6,30,30,2013,expansion
Dixit: Quest,55660,0,1,0,0,0,3,7.66301,1.2297,0,3,6,30,30,2010,expansion
Dominion,36218,6,1,0,0,0,3,7.5979,2.3445,145,2,4,30,30,2008,standalone
Dominion: Alchemy,66098,6,1,0,0,0,3,6.92168,2.4461,0,2,4,30,30,2010,expansion
Dominion: Big Box,142131,0,1,0,0,0,1,7.94318,2.7234,0,2,4,30,30,2010,standalone
Dominion: Cornucopia,90850,6,0,1,0,0,1,7.67246,2.3862,0,2,4,30,30,2011,expansion
Dominion: Guilds,137166,6,0,1,0,0,1,7.84926,2.479,0,2,4,30,30,2013,expansion
Dominion: Hinterlands,104557,0,0,1,0,0,1,7.93117,2.5381,0,2,4,30,30,2011,expansion
Dominion: Intrigue,40834,0,0,1,0,0,1,7.68601,2.4108,132,2,6,30,30,2009,standalone
Dominion: Prosperity,66690,6,1,0,0,0,3,8.2216,2.4724,0,2,4,30,30,2010,expansion
Dominion: Seaside,51811,0,0,1,0,0,1,8.01407,2.4912,0,2,4,30,30,2009,expansion
Down the Rabbit Hole,358476,6,0,1,0,0,3,7,0,0,1,99,180,60,2022,standalone
Dr. Eureka,181345,3,0,1,0,0,1,6.54233,1.0588,2366,2,4,15,15,2015,standalone
Dragonwood,172933,5,0,1,0,0,1,6.56643,1.3571,2369,2,4,20,20,2015,standalone
Dreadful Circus,329714,5,0,0,0,0,3,6.48768,2.25,5769,4,8,45,45,2021,standalone
Dream Home,194880,5,0,1,0,0,3,6.85806,1.655,1310,2,4,30,30,2016,standalone
Dune: House Secrets,329713,0,1,0,0,0,3,5.02425,1.36,30400,1,4,180,90,2021,standalone
Dune: Imperium,316554,8,0,0,1,1,2,8.41235,3.0768,6,1,4,120,60,2020,standalone
Dweebies,65814,0,0,1,0,0,1,5.91163,1.0682,9717,2,6,20,20,2010,standalone
Dwellings of Eldervale,271055,0,0,0,1,1,5,8.10873,3.2392,127,1,5,150,60,2020,standalone
Earth,350184,0,0,0,1,0,1,7.61946,2.9108,209,1,5,90,45,2023,standalone
Eaten by Zombies!,76247,0,0,1,0,0,3,5.81559,2.0759,9855,2,4,30,30,2011,standalone
Edge of Humanity,185262,0,0,0,1,0,3,6.24006,2.8333,11689,2,5,45,30,2017,standalone
Eila and Something Shiny,293207,0,0,0,0,1,4,7.93982,2.0127,1100,1,1,45,30,2021,standalone
Elder Sign,100423,5,1,0,0,0,1,6.9669,2.3434,794,1,8,90,90,2011,standalone
Elder Sign: Omens of Ice,189807,0,0,0,1,0,1,7.63957,2.6111,0,1,8,90,60,2016,expansion
Elder Sign: Omens of the Deep,212572,0,0,0,0,0,1,7.79071,2.8182,0,1,8,90,90,2017,expansion
Elder Sign: Omens of the Pharaoh,237226,0,1,0,0,0,1,7.95012,3.1818,0,1,8,120,60,2018,expansion
Eldritch Horror,146021,9,1,0,0,0,3,7.74349,3.3174,137,1,8,240,120,2013,standalone
Eldritch Horror: Cities in Ruin,220913,9,1,0,0,0,1,8.49195,3.0833,0,1,8,240,120,2017,expansion
Eldritch Horror: Forsaken Lore,154842,0,1,0,0,0,3,8.3089,3.1658,0,1,8,180,180,2014,expansion
Eldritch Horror: Signs of Carcosa,197586,0,1,0,0,0,1,8.34204,3.0968,0,1,8,240,120,2016,expansion
Electronic Pictionary Man,38154,0,0,1,0,0,3,5.40586,1.25,29106,2,10,45,30,2008,standalone
The Emerald Flame,299371,0,1,0,0,0,3,8.31268,3.5385,3533,1,4,540,270,2021,standalone
Escape from the Aliens in Outer Space,82168,0,1,0,0,0,3,6.90985,1.9756,1436,2,8,45,20,2015,standalone
Escape Room in a Box: Flashback,279911,6,0,1,0,0,1,7.09926,2,7092,2,8,90,30,2019,standalone
Escape Room in a Box: The Werewolf Experiment,188720,6,0,1,0,0,1,6.98694,2.25,4346,2,8,90,30,2016,standalone
Escape Room: The Game – Family Edition: The Jungle,311541,2,0,1,0,0,3,6.15379,2,17882,3,5,60,60,2018,standalone
Escape Tales: Children of Wyrmwoods,299800,0,0,0,1,0,3,7.01808,2.5263,4295,1,4,450,450,2020,standalone
Escape Tales: Low Memory,282291,5,1,0,0,0,2,6.61421,2.5,4430,1,4,540,360,2019,standalone
Escape Tales: The Awakening,253214,5,0,1,0,0,3,6.99574,2.129,1810,1,4,360,180,2018,standalone
Escape the Room: The Cursed Dollhouse,311686,6,0,1,0,0,1,6.17237,4,11111,1,4,120,120,2020,standalone
Etherfields,280794,7,0,0,0,1,5,7.84002,3.5874,653,1,4,180,90,2020,standalone
Euphoria: Build a Better Dystopia,133848,6,1,0,0,0,1,7.16322,3.112,688,2,6,60,60,2013,standalone
Everdell,199792,0,0,0,1,0,1,7.98166,2.8338,42,1,4,80,40,2018,standalone
Evolution,155703,7,1,0,0,0,3,7.00324,2.4288,777,2,6,60,60,2014,standalone
Evolution: Climate,182134,6,0,0,0,0,1,7.44324,2.7354,533,2,6,60,60,2016,standalone
Ex Libris,201825,0,0,0,1,0,3,7.11028,2.5312,959,1,4,45,45,2017,standalone
EXIT: The Game – The Abandoned Cabin,203420,0,1,0,0,0,3,7.40357,2.5377,412,1,6,120,60,2016,standalone
EXIT: The Game – The Mysterious Museum,244918,0,0,1,0,0,3,7.07823,2.1304,1684,1,4,90,45,2018,standalone
EXIT: The Game – The Pharaoh's Tomb,203416,0,0,1,0,0,1,7.1297,2.7273,873,1,6,90,45,2016,standalone
EXIT: The Game – The Secret Lab,203417,8,0,0,0,0,3,7.04207,2.5217,974,1,6,150,45,2016,standalone
EXIT: The Game – The Stormy Flight,283797,0,1,0,0,0,3,6.79946,1.913,3183,1,4,120,60,2019,standalone
Exploding Kittens,172225,6,1,1,0,0,3,6.0695,1.0807,3971,2,5,15,15,2015,standalone
The Fairy Tale Files: Sweet Witch Inferno,359369,4,0,1,0,0,1,7.125,0,0,1,4,120,60,2021,standalone
The Fairy Tale Files: The Cinderella Murders,321023,4,0,1,0,0,3,7.23,0,0,1,4,120,60,2022,standalone
The Fairy Tale Files: The Curious Case of the Poisoned Apples,321091,4,0,1,0,0,1,6.26,0,0,1,4,120,60,2021,standalone
The Fairy Tale Files: Who Framed Mr. Wolfe?,406145,4,0,1,0,0,1,5.16667,0,0,1,4,120,60,2021,standalone
A Fake Artist Goes to New York,135779,0,0,0,1,0,3,7.10474,1.0978,757,5,10,20,20,2011,standalone
Fallout Shelter: The Board Game,293889,7,1,0,0,0,3,7.2215,2.0278,1219,2,4,90,60,2020,standalone
Family Secrets Series,321071,0,1,0,0,0,1,6.625,3,0,1,4,120,50,2020,standalone
Fei Xing Qi,14538,5,1,1,0,0,1,4.57154,1.5,30089,2,4,90,90,0,standalone
Fight 5,448488,0,0,1,0,0,3,6.32897,1,15640,2,5,15,10,2025,standalone
Filthy Rich,441,6,1,0,0,0,1,6.40897,1.9014,5945,2,5,60,60,1998,standalone
Final Girl,277659,6,0,0,0,0,5,8.22425,2.7553,97,1,1,60,20,2021,standalone
Final Girl: Into the Void,354775,0,0,0,1,0,5,8.44856,2.9615,0,1,1,60,20,2023,expansion
Final Girl: Panic at Station 2891,354776,0,0,0,0,0,3,8.35809,2.9474,0,1,1,60,20,2023,expansion
Final Girl: The Happy Trails Horror,307683,0,0,0,1,0,4,8.20987,2.4603,0,1,1,60,20,2021,expansion
Fireball Island: The Curse of Vul-Kar,233020,6,1,0,0,0,1,6.72052,1.4561,1740,2,4,60,45,2018,standalone
Firefly: The Game,138161,0,1,0,0,0,1,7.38165,2.956,523,1,4,240,120,2013,standalone
Five Tribes: The Djinns of Naqala,157354,0,0,0,0,1,4,7.76431,2.8389,96,2,4,80,40,2014,standalone
Flashback,374824,0,0,1,0,0,3,8.05556,0,0,1,4,180,120,2022,standalone
Fluxx,258,3,0,1,0,0,1,5.67788,1.3888,12035,2,6,30,5,1997,standalone
Fog of Love,175324,0,0,0,0,1,4,6.59833,2.25,1784,2,2,120,60,2017,standalone
Food Chain Island,309110,0,0,0,1,0,3,7.19199,1.2844,1371,1,1,15,15,2020,standalone
Food Chain Magnate,175914,2,0,0,0,0,3,8.03874,4.1879,49,2,5,240,120,2015,standalone
Forbidden Desert,136063,7,1,1,0,0,1,7.05927,2.0413,602,2,5,45,45,2013,standalone
Forbidden Island,65244,6,1,1,0,0,1,6.75036,1.739,1022,2,4,30,30,2010,standalone
Forgotten Waters,302723,0,1,0,0,0,3,7.73421,2.0977,358,3,7,240,120,2020,standalone
The Four Doors,447687,7,1,0,0,0,3,6.83139,1.8,9912,1,5,30,30,2025,standalone
Friday,43570,0,0,0,1,1,4,7.11137,2.1579,591,1,1,25,25,2011,standalone
Frosthaven,295770,0,0,1,0,0,3,8.73815,4.4137,21,1,4,180,90,2022,standalone
Gaia Project,220308,7,0,0,0,0,4,8.35166,4.403,13,1,4,150,60,2017,standalone
The Game of Life,2921,4,1,0,0,0,1,4.36444,1.172,30565,2,6,60,60,1960,standalone
The Game of Things,10934,0,0,1,0,0,3,6.07681,1.2065,5589,4,15,45,45,2002,standalone
A Game of Thrones: The Board Game (Second Edition),103343,7,0,1,0,0,1,7.52833,3.7348,237,3,6,240,120,2011,standalone
The Game Show Murders,415741,0,1,0,0,0,3,7.5,0,0,1,4,180,90,2023,standalone
Gen7: A Crossroads Game,257321,0,0,0,0,1,5,6.29841,2.6842,6832,3,4,90,60,2018,standalone
Ghost Fightin' Treasure Hunters,146312,6,1,1,0,0,3,7.13254,1.626,1265,2,4,30,30,2013,standalone
Ghost Stories,37046,0,0,0,0,1,5,7.2501,2.9053,457,1,4,60,60,2008,standalone
Gloomhaven,174430,6,0,0,0,0,3,8.53973,3.9187,4,1,4,120,60,2017,standalone
Gloomhaven: Jaws of the Lion,291457,6,0,0,0,0,2,8.36056,3.638,12,1,4,120,30,2020,standalone
Go,188,0,1,0,0,0,1,7.65828,3.9126,235,2,2,180,30,-2200,standalone
The Golden Ages,164338,0,1,0,0,0,1,7.2344,2.8947,1607,2,4,90,60,2014,standalone
Grackles,248226,0,0,1,0,0,3,6.1802,1.5,15653,2,4,30,20,2018,standalone
The Great Brain Robbery,761,0,1,0,0,0,1,5.55333,1.3,24650,3,7,60,60,2000,standalone
Guesstures,2379,4,0,1,0,0,1,5.93411,1.177,6953,4,99,10,10,1990,standalone
Gùgōng,250458,0,0,0,0,0,3,7.41791,3.085,480,1,5,90,60,2018,standalone
Guilty: Monaco 1955,415079,0,0,0,1,0,1,7.15284,2,12427,1,99,240,180,2024,standalone
Gumshoe,3365,0,0,0,1,0,3,7.69688,3.0909,8587,1,6,120,120,1985,standalone
Hanabi,98778,3,0,0,0,0,3,7.02897,1.6901,596,2,5,25,25,2010,standalone
Harmonies,414317,8.5,0,0,0,0,3,8.03144,2.0113,55,1,4,45,30,2024,standalone
Hegemony: Lead Your Class to Victory,321608,7,0,0,1,0,3,8.37428,4.255,41,2,4,180,90,2023,standalone
Hellapagos,224272,0,0,0,1,0,3,6.57087,1.3474,2542,3,12,20,20,2017,standalone
Heroes Incorporated,9200,3,0,1,0,0,1,6.05602,1.9667,13983,2,4,60,40,2004,standalone
Holding On: The Troubled Life of Billy Kerr,245444,0,0,0,1,0,3,5.85127,2.3704,9888,2,4,60,45,2018,standalone
Holiday Hijinks #10: The Leprechaun Larceny,428296,0,1,0,0,0,3,6.91667,0,0,1,4,60,60,2025,standalone
Holiday Hijinks #11: The New Year Nightmare,428297,0,1,0,0,0,3,7.53571,3,0,1,4,60,60,2025,standalone
Holiday Hijinks #12: The Krampus Caper,428298,0,1,0,0,0,3,7.4,0,0,1,4,60,60,2025,standalone
Horrified,282524,7,1,0,0,0,2,7.59057,2.0197,241,1,5,60,60,2019,standalone
Horrified: Greek Monsters,397897,7,0,0,0,0,3,7.43999,2.125,1968,1,5,60,60,2023,standalone
Horror on the Orient Express: The Board Game,394897,0,0,0,1,0,1,7.79914,3.5385,11679,1,4,120,90,2026,standalone
Hostage Negotiator,134253,5,0,0,0,0,3,6.77952,2.0585,1588,1,1,30,15,2015,standalone
How to Host a Murder: The Last Train from Paris,3051,0,0,1,0,0,3,6.76437,2.1111,14995,8,8,180,180,1985,standalone
The Hunger Games: Catching Fire – Victors Game,154964,0,0,1,0,0,1,4,0,0,3,5,30,30,2013,standalone
Hunt A Killer: A Wealth of Murder,426241,0,0,0,1,0,1,5.9575,2,0,1,99,150,120,2024,standalone
Hunt A Killer: Dead on the Vine,374334,7,0,1,0,0,3,7.00227,0,0,1,5,360,180,2022,standalone
Hunt A Killer: Death at the Dive Bar,315954,0,0,1,0,0,1,6.6958,2,7422,1,6,180,30,2020,standalone
Hunt A Killer: Murder at the Motel,341401,0,0,0,1,0,1,5.95285,1.5,16616,1,5,60,45,2021,standalone
Hunt A Killer: Nancy Drew – Mystery at Magnolia Gardens,346467,7,1,0,0,0,1,7.11812,1.6667,9870,1,99,90,60,2021,standalone
...I should have known that!,137167,0,1,1,0,0,3,5.2397,1,29229,2,99,45,15,2011,standalone
I Spy Eagle Eye,29142,5,0,1,0,0,3,4.99648,1,28917,1,4,20,20,2006,standalone
Illuminati,859,5,1,0,0,0,1,6.17168,2.4842,4659,2,6,120,60,1982,standalone
Imperial Settlers,154203,4,0,1,0,0,3,7.28555,2.7756,395,1,4,90,45,2014,standalone
Incredible Expeditions: Quest for Atlantis,142638,3,0,1,0,0,3,5.82849,2.6923,17982,1,5,120,120,2014,standalone
Infected,306951,0,0,1,0,0,3,7.7,0,0,1,6,240,45,2019,standalone
The Inheritance,335607,0,0,1,0,0,3,8,0,0,1,6,240,45,2021,standalone
The Initiative,328908,0,1,0,0,0,1,7.51861,2.0317,1302,1,4,60,30,2021,standalone
Insert Coin,374826,0,0,0,1,0,3,8.33333,0,0,1,6,90,60,2022,standalone
Inside Job,324914,0,0,0,1,0,3,6.98509,1.6604,2140,2,5,30,20,2022,standalone
Ironclad,184802,0,0,0,1,0,4,6.95661,3.1667,11834,1,3,90,45,2018,standalone
The Isofarian Guard,281526,0,0,0,0,0,3,8.5303,3.1562,1348,1,2,90,45,2023,standalone
ISS Vanguard,325494,8,0,0,1,1,5,8.35246,3.6697,159,1,4,120,90,2022,standalone
ISS Vanguard,325494,0,0,0,1,1,3,8.35246,3.6697,159,1,4,120,90,2022,standalone
It's a Wonderful World,271324,4,0,0,0,0,3,7.62727,2.3247,185,1,5,45,45,2019,standalone
ito,327778,7,0,0,0,0,3,7.3357,1.0135,1090,2,10,10,10,2019,standalone
Jaipur,54043,7,0,0,0,0,3,7.47934,1.4635,202,2,2,30,30,2009,standalone
Jenga,2452,5,1,1,0,0,1,5.66464,1.1006,10373,1,8,20,20,1983,standalone
Journal 29 Revelation: Interactive Book Game,344051,0,1,0,0,0,3,6.95629,3,14207,1,10,120,120,2018,standalone
Journal 29: Interactive Book Game,253399,7,1,0,0,0,3,6.89713,2.7647,4936,1,10,120,120,2017,standalone
Kalah,2448,0,1,1,0,0,1,6.01479,1.5979,4292,2,2,10,10,1940,standalone
Karuba,183251,6,0,1,0,0,1,7.16241,1.4234,666,2,4,40,30,2015,standalone
Kill Doctor Lucky,257,5,1,0,0,0,1,6.15622,1.6417,3529,3,8,45,45,1996,standalone
Killer Bunnies and the Quest for the Magic Carrot,3699,5,0,1,0,0,3,5.51483,1.8841,30355,2,8,45,45,2002,standalone
Kinfire Chronicles: Night's Fall,364655,0,0,0,1,0,1,8.36186,2.8,1589,1,4,60,45,2023,standalone
King of Monster Island,350755,0,0,0,1,1,3,7.12123,2.35,2703,1,5,60,45,2022,standalone
King of Tokyo,70323,4,1,1,0,0,1,7.11382,1.4837,492,2,6,30,30,2011,standalone
The King's Dilemma,245655,0,0,0,1,1,4,7.67477,2.2571,394,3,5,60,45,2019,standalone
Kingdom Death: Monster,55690,0,0,0,1,0,3,8.47448,4.2743,95,1,4,180,60,2015,standalone
Kingdomino,204583,6,1,0,0,0,1,7.28779,1.2386,330,2,4,25,15,2016,standalone
Kronologic: Paris 1920,402111,0,0,0,1,0,3,7.50174,2.0769,1580,1,4,30,30,2024,standalone
Labyrinth,1219,7,1,1,0,0,3,6.4091,1.3439,2098,2,4,20,20,1986,standalone
Lands of Evershade,415848,0,0,0,1,0,3,8.31184,3.5556,7725,1,5,270,90,2026,standalone
Lands of Galzyr,281474,0,0,0,1,0,3,7.92988,1.7172,1040,1,4,150,60,2022,standalone
Legacy of Dragonholt,234669,0,1,0,0,0,3,7.18873,1.2844,1425,1,6,999,60,2017,standalone
Legendary: A Marvel Deck Building Game,129437,7,1,0,0,0,1,7.51781,2.434,282,1,5,60,30,2012,standalone
LEGO Constructionary Game,8256,3,0,1,0,0,3,4.63889,1.5,28190,3,6,30,30,1999,standalone
Leviathan Wilds,358737,6,0,0,0,0,3,7.86471,2.4667,866,1,4,90,45,2024,standalone
Libertalia,125618,0,0,0,1,0,3,7.10102,2.2324,663,2,6,60,40,2012,standalone
The Light in the Mist,341519,8.5,1,0,0,0,1,8.01045,2.875,2287,1,4,500,300,2022,standalone
The Lord of the Rings: Duel for Middle-earth,421006,7.5,0,0,0,0,4,8.35724,2.0716,19,2,2,30,30,2024,standalone
Lords of Waterdeep,110327,8,1,0,0,0,1,7.72992,2.449,107,2,5,120,60,2012,standalone
Lost Cities,50,6,1,0,0,0,1,7.2583,1.4746,343,2,2,30,30,1999,standalone
Lost in Adventure: The Labyrinth,422178,0,0,0,1,0,3,6.43966,1.5,17973,1,6,90,90,2024,standalone
Lost Ruins of Arnak,312484,0,0,0,1,0,3,8.08234,2.9313,30,1,4,120,30,2020,standalone
Love Letter: Batman,168584,6,1,1,0,0,2,7.2745,1.1884,861,2,4,20,20,2015,standalone
Lovecraft Letter,198740,0,0,0,0,0,3,7.22398,1.4425,944,2,6,15,5,2017,standalone
Machi Koro,143884,6,1,0,0,0,3,6.59218,1.5191,1379,2,4,30,30,2012,standalone
Mage Knight Board Game,96848,6.5,1,0,0,0,1,8.08223,4.3763,39,1,4,240,60,2011,standalone
Malarky,5135,5,1,0,0,0,1,5.66208,1.4815,21346,3,6,45,45,1996,standalone
Mancala 4,9488,0,1,1,0,0,1,5.7766,1.25,24844,2,4,30,30,0,standalone
Mansions of Madness: Second Edition,205059,8.5,0,0,1,0,1,7.91632,2.6963,76,1,5,180,120,2016,standalone
Mantis Falls,291847,0,0,0,1,1,3,7.13462,2.7143,2375,2,3,90,60,2021,standalone
Marrying Mr. Darcy,145308,6,0,1,0,0,3,6.38925,1.4179,4302,2,6,60,30,2014,standalone
Marvel D.A.G.G.E.R.,383242,0,0,0,1,0,3,7.0949,2.9545,4580,1,5,180,180,2023,standalone
Marvel Dice Throne: X-Men,403494,6,0,0,0,0,3,8.42706,2.1429,0,2,6,40,20,2025,standalone
Mascarade,139030,0,0,1,0,0,1,6.54859,1.5273,1775,2,13,30,30,2013,standalone
Mastermind,2392,6,1,0,0,0,1,5.68255,1.7827,9395,2,2,20,20,1971,standalone
Masters of Crime: Hollywood,446886,0,0,0,1,0,1,8.16667,0,0,1,6,210,150,2025,standalone
Masters of Crime: Incognito,406863,5,0,1,0,0,1,6.69245,1.5,17755,1,6,210,150,2022,standalone
Masters of Crime: Mosquito,406882,0,0,0,1,0,1,7.32111,0,16089,1,6,210,150,2024,standalone
Masters of Crime: Rapture,351332,0,0,0,1,0,1,7.37211,1.6667,12704,1,6,210,150,2021,standalone
Masters of Crime: Shadows,371539,0,1,0,0,0,1,7.79688,1.75,8664,1,6,210,150,2022,standalone
Masters of Crime: Vendetta,336791,7.5,0,1,0,0,3,7.46901,2,8249,1,6,240,120,2021,standalone
Mechanical Beast,284118,0,0,1,0,0,3,6.46489,2.3,9215,1,4,40,20,2022,standalone
Mechs vs. Minions,209010,6,0,1,0,0,1,7.94996,2.4545,90,2,4,120,60,2016,standalone
Mice and Mystics,124708,7,1,0,0,0,3,7.20223,2.7352,558,1,4,90,60,2012,standalone
MicroMacro: Crime City,318977,8,0,1,0,0,3,7.44806,1.101,291,1,4,45,15,2020,standalone
MicroMacro: Crime City – Full House,338834,7,1,0,0,0,3,7.6318,1.1633,538,1,4,45,15,2021,standalone
Mind MGMT: The Psychic Espionage “Game.”,284653,5,0,0,0,1,5,7.78201,2.9097,323,1,5,60,60,2021,standalone
MindTrap,1923,4,1,0,0,0,1,4.8056,1.9444,30524,2,16,60,60,1991,standalone
Ministry of Lost Things: Case 1 – Lint Condition,425765,0,1,0,0,0,3,7.94699,2.3333,6524,1,4,180,120,2025,standalone
Missing in the Caribbean,422753,8,0,1,0,0,3,7.57576,1.6667,13907,1,6,150,90,2022,standalone
Monopoly,1406,5,1,0,0,0,1,4.36877,1.6193,30567,2,8,180,60,1935,standalone
Monopoly: Cheaters Edition,254617,2,0,0,0,0,3,5.07532,1.3333,30397,2,6,180,60,2018,standalone
Moon Colony Bloodbath,425549,0,0,0,1,0,3,7.65019,2.1053,638,1,5,90,45,2025,standalone
The Morrison Game Factory,390406,0,1,0,0,0,3,8.26809,2.125,3619,1,4,240,100,2024,standalone
Mortum: Medieval Detective,296063,0,0,0,1,1,3,7.21514,2.1724,3824,1,6,180,120,2021,standalone
Mortum: Medieval Detective – The Shelter,351600,0,0,0,1,0,3,8.10853,1.4,7173,1,6,240,180,2022,standalone
Mosaic: A Story of Civilization,329551,0,0,0,1,1,3,7.46566,3.0546,741,2,6,120,120,2022,standalone
Motley,382101,4,1,1,0,0,3,5.46154,0,0,2,10,30,30,2024,standalone
Mr. Jack,21763,5,0,1,0,0,1,6.96102,2.1718,802,2,2,30,30,2006,standalone
Munchkin,1927,3,0,1,0,0,3,5.87352,1.8177,6448,3,6,120,60,2001,standalone
Munchkin 2: Unnatural Axe,3943,3,0,1,0,0,3,6.42547,1.7957,0,3,6,90,90,2002,expansion
Munchkin 3: Clerical Errors,6606,3,0,1,0,0,3,6.45249,1.8561,0,3,6,90,90,2003,expansion
Munchkin 4: The Need for Steed,20660,3,0,1,0,0,3,6.53217,1.8571,0,3,6,90,90,2005,expansion
Munchkin 5: De-Ranged,28327,3,0,1,0,0,3,6.57992,1.8172,0,3,6,90,90,2007,expansion
Murder at Mediluck Medicines,400491,5,0,1,0,0,3,7.23571,0,0,1,99,180,180,2023,standalone
Murder at Merivale Manor,400492,0,0,0,1,0,3,8.06897,0,0,1,99,180,180,2023,standalone
Murder in Market Hill,421482,0,0,0,1,0,3,7.77273,0,0,1,4,180,120,2024,standalone
Murder Mystery Cases: Death at Times Square,447790,6,0,0,0,0,3,6,0,0,1,10,180,120,2025,standalone
Murder Mystery in a Box: Ripper,377803,1,0,1,0,0,3,1,0,0,1,6,120,120,2020,standalone
Murder of a Millionaire,356962,0,0,1,0,0,1,6.68,3,21423,1,99,120,120,2021,standalone
My Father's Work,328866,0,0,0,1,0,3,7.82634,3.1429,693,2,4,180,180,2022,standalone
My Little Scythe,226320,7,1,1,0,0,1,7.19929,2.0299,909,1,6,60,45,2018,standalone
Mysterium,181304,6,0,1,0,0,3,7.19056,1.8899,447,2,7,42,42,2015,standalone
Mysterium: Hidden Signs,192661,6,0,1,0,0,3,7.74059,1.7317,0,2,7,42,42,2016,expansion
Mystery at the Fairytale Ball,402384,0,1,0,0,0,3,7.16667,0,0,1,4,180,120,2023,standalone
Mythos Tales,126100,9,0,1,0,0,1,7.33679,2.125,1507,1,10,120,60,2016,standalone
Near and Far,195421,0,0,0,1,1,5,7.63876,2.9035,280,2,4,120,90,2017,standalone
Nemesis,167355,9,0,0,1,1,5,8.24991,3.4874,25,1,5,180,90,2018,standalone
Nemesis: Lockdown,310100,0,0,0,1,0,3,8.24728,3.9128,129,1,5,180,90,2022,standalone
Nemesis: Retaliation,381248,0,0,0,1,0,3,8.70061,3.7647,508,1,5,180,120,2025,standalone
New Angeles,205716,0,0,1,0,0,3,7.05134,3.2212,1603,4,6,240,120,2016,standalone
New York Noir,418459,0,0,0,1,0,3,9.80952,3,0,1,4,360,90,2024,standalone
NOIR: Deductive Mystery Game,102148,5,0,0,0,0,3,6.40769,1.5821,4130,2,9,60,15,2012,standalone
Oathsworn: Into the Deepwood,251661,0,0,0,1,0,3,8.76581,3.6947,63,1,4,90,30,2022,standalone
Obsession,231733,0,0,0,1,0,3,8.0804,3.1106,66,1,4,90,30,2018,standalone
The Old and Hidden Secret,328168,6,0,1,0,0,3,6.34545,0,0,1,6,240,45,2020,standalone
Oltréé,293835,0,0,0,1,0,3,7.46163,2.25,1459,2,4,60,60,2021,standalone
Once Upon a Time: The Storytelling Card Game,1234,2,0,1,0,0,1,6.35247,1.3716,2523,2,6,30,30,1993,standalone
Othello,2389,6,1,0,0,0,1,6.15885,2.0728,3439,2,2,30,30,1883,standalone
Pandemic,30549,7,1,0,0,0,3,7.51356,2.3941,171,2,4,45,45,2008,standalone
Pandemic Legacy: Season 1,161936,7,1,0,0,0,1,8.50259,2.8278,3,2,4,60,60,2015,standalone
Pandemic: Hot Zone – Europe,329670,0,0,0,0,0,3,7.04248,2,3373,2,4,30,30,2021,standalone
PARKS,266524,6,0,0,1,1,4,7.61609,2.1242,176,1,5,60,30,2019,standalone
PARKS,266524,0,0,0,0,0,3,7.61609,2.1242,176,1,5,60,30,2019,standalone
Parks (Second Edition),437306,0,0,0,0,0,3,7.93133,2.3095,1449,1,5,60,30,2025,standalone
Passengers,338902,0,1,0,0,0,3,6.29984,1.9,14855,4,8,50,30,2023,standalone
Pathfinder Adventure Card Game: Core Set,271060,0,0,0,1,0,3,7.63793,3.0303,2388,1,4,90,90,2019,standalone
Perspectives,400995,0,1,0,0,0,1,7.65387,1.8077,2116,2,6,90,60,2023,standalone
Perspectives Blue,427087,0,0,0,1,0,3,7.62944,1.5,5413,2,6,90,90,2024,standalone
Photo Tour: North America,399115,0,0,0,1,0,3,7.50299,2.375,6458,1,5,60,40,2025,standalone
Pictionary,2281,6,1,0,0,0,1,5.85217,1.2224,6003,3,16,90,90,1985,standalone
Picture Perfect,299963,6,0,0,0,0,3,6.95274,1.84,2185,2,4,90,50,2020,standalone
Pit,140,5.5,1,0,0,0,1,6.40905,1.1514,2244,3,8,90,30,1903,standalone
Planet Unknown,258779,0,0,0,1,0,1,7.7608,2.2514,168,1,6,80,60,2022,standalone
Pocket Imperium,147299,0,0,0,0,0,3,6.18682,1.9459,7289,2,4,45,30,2013,standalone
Post Mortem LA: Death in La La Land,360026,0,1,0,0,0,1,8,2,0,1,6,480,90,2019,standalone
Post Mortem London Gothic: The Ghost in the Machine,373987,0,0,0,1,1,3,7.66667,1,0,1,6,720,480,2022,standalone
Postmortem: Death Match,360027,0,0,0,1,0,1,8.84375,2,0,1,6,480,90,2020,standalone
The Princess Bride Adventure Book Game,316750,0,0,0,1,1,4,6.58156,1.7037,4387,1,4,90,15,2020,standalone
Puerto Rico,3076,0,1,0,0,0,1,7.89908,3.2664,57,3,5,150,90,2002,standalone
Pun Intended,247008,0,1,1,0,0,1,5.52126,1.25,26219,4,12,60,60,2018,standalone
Quacks,244521,7,0,0,0,0,3,7.80444,1.9407,78,2,4,45,45,2018,standalone
Quarto,681,6,1,1,0,0,1,6.89949,1.87,1171,2,2,20,20,1991,standalone
The Queen's Dilemma,341870,0,0,0,1,1,3,6.89472,2.5,0,3,6,90,60,2026,standalone
Quest Calendar 2026: The Souls of Saraku,447721,0,1,0,0,0,3,7.13125,2,0,1,1,5,2,2025,standalone
A Question of Scruples,1748,4,0,1,0,0,1,4.79455,1.375,30481,4,12,60,60,1984,standalone
Qwirkle,25669,6,1,1,0,0,3,6.77501,1.5811,1075,2,4,45,45,2006,standalone
Race for the Galaxy,28143,7,1,0,0,0,1,7.7368,2.9933,94,2,4,60,30,2007,standalone
Rack-O,917,5,1,0,0,0,1,5.89514,1.1905,6249,2,4,45,45,1956,standalone
Razorhurst,321229,0,1,0,0,0,3,8.55,2.5,18401,1,1,180,90,2020,standalone
Reager's Return,352519,7.5,0,0,0,0,3,7.45,0,0,1,6,240,120,2021,standalone
Rebuilding Seattle,368463,0,0,0,1,0,3,7.48053,2.3333,4071,1,5,120,60,2023,standalone
Red Rising,329465,0,0,0,1,0,3,6.96214,2.317,1065,1,6,60,45,2021,standalone
Reign of Dragoness,366166,0,0,1,0,0,3,6.71369,1.1667,8813,2,8,40,10,2022,standalone
The Resistance,41114,7,1,0,0,0,3,7.19008,1.5908,460,5,10,30,30,2009,standalone
Revive,332772,0,0,0,1,0,1,8.05774,3.4601,91,1,4,120,90,2022,standalone
Rise of Myths: Cthulhu,442506,0,0,0,0,1,4,6.5641,3,0,1,3,60,60,2026,standalone
Risk,181,5,1,0,0,0,1,5.60837,2.0618,29467,2,6,120,120,1959,standalone
Risk Legacy,105134,0,1,0,0,0,1,7.34691,2.5859,626,3,5,60,60,2011,standalone
Robinson Crusoe: Adventures on the Cursed Island,121921,8,1,0,0,0,3,7.72158,3.827,119,1,4,120,60,2012,standalone
"Robinson Crusoe: Adventures on the Cursed Island – ""King Kong"" Scenario",157040,0,1,0,0,0,3,7.58878,3.1667,0,1,4,120,60,2013,expansion
Robinson Crusoe: Adventures on the Cursed Island – The Book of Adventures,299441,0,0,0,1,0,3,7.67484,3.75,0,1,4,120,60,2024,expansion
Robinson Crusoe: Adventures on the Cursed Island – Treasure Chest,304337,0,0,0,1,0,3,8.07486,3.4444,0,1,4,120,60,2020,expansion
Robot Turtles,147370,4,0,1,0,0,1,5.92121,1.3415,7645,2,5,15,15,2013,standalone
Roll for the Galaxy,132531,4,0,1,0,0,1,7.5639,2.7841,172,2,5,45,45,2014,standalone
Rome in a Day,358284,0,0,0,1,0,3,6.99047,1.7143,3589,2,5,20,15,2023,standalone
Room 25: Double Rush,411275,0,0,0,1,0,3,7.32368,1.5,18541,2,2,10,10,2024,standalone
Room 25: Hypercube,356905,0,0,0,1,0,3,3,0,0,1,8,60,30,2027,standalone
Room 25: Ultimate,212956,0,0,0,1,0,3,7.29175,2.1481,0,1,8,60,30,2016,standalone
Root,237182,7,1,0,0,0,1,8.07134,3.8404,34,2,4,90,60,2018,standalone
Root: The Clockwork Expansion,287220,0,0,1,0,0,1,7.75877,3.9783,0,1,4,90,60,2020,expansion
Root: The Exiles and Partisans Deck,272638,0,1,0,0,0,1,8.71686,3.8214,0,2,6,0,0,2020,expansion
Root: The Underworld Expansion,272637,0,0,0,0,1,3,8.70932,3.6392,0,2,6,90,60,2020,expansion
Rummikub,811,7,1,0,0,0,1,6.52231,1.707,1758,2,4,60,60,1977,standalone
Sanctuary,441696,7,0,0,0,0,3,7.6737,2.8028,894,1,5,100,40,2025,standalone
Santa Monica,298065,0,0,0,1,0,3,7.12845,2.1544,1130,2,4,45,45,2020,standalone
Santorini,194655,6,1,0,0,0,1,7.33187,1.7211,310,2,4,20,20,2016,standalone
Sausage Sizzle!,118215,6,0,0,0,0,3,6.51887,1.05,4538,2,5,15,15,2012,standalone
Scarlet Envelope I: Newspaper – Introduction to Mysteries,315051,8,0,1,0,0,3,7.23077,0,0,1,6,120,45,2020,standalone
Scarlet Envelope II: Cabaret in Lapin Blanc,336671,8,0,1,0,0,1,7.55,0,0,1,6,90,60,2020,standalone
Scarlet Envelope III: Distress Call from Outer Space,336672,8.5,0,1,0,0,3,7.72222,0,0,1,6,90,60,2020,standalone
Scarlet Envelope IV: Breakfast for a Serial Killer,336673,7,0,1,0,0,3,8,0,0,1,6,90,60,2020,standalone
Scarlet Envelope IX: Ashes of Persepolis,395334,7,0,1,0,0,3,7.5,0,0,1,6,0,0,0,standalone
Scarlet Envelope V: Wild Mansion of Mr.Ferri,336809,6,0,1,0,0,3,8.14286,0,0,1,6,120,60,2021,standalone
Scarlet Envelope VI: Screaming Venice – Art Heist,338585,5,0,1,0,0,3,7.6,0,0,1,6,120,60,2021,standalone
Scarlet Envelope VII: Tale of a Golden Dragon,395331,7,0,1,0,0,3,7.5,0,0,1,6,120,60,0,standalone
Scarlet Envelope VIII: Dinner with Anonymous,395333,8,0,1,0,0,3,8,0,0,1,6,120,60,0,standalone
Scarlet Envelope X: Killer Wedding,412547,8,1,0,0,0,3,8.5,0,0,0,0,0,0,2023,standalone
Scarlet Envelope XI: Time Trap Island,424300,5,1,0,0,0,3,5,0,0,0,0,0,0,2024,standalone
Scattergories,2381,5,1,0,0,0,1,6.30227,1.3574,2735,2,6,30,30,1988,standalone
Scavenger,212898,0,0,0,0,0,3,0,0,0,2,4,0,0,1933,standalone
Scavenger,344535,0,0,1,0,0,1,6.42857,0,0,1,6,240,45,2021,standalone
Scotland Yard: Sherlock Holmes Edition,369007,0,0,1,0,0,3,7.17124,2,7358,2,6,60,45,2022,standalone
Scrabble,320,6,1,0,0,0,1,6.27423,2.0511,2422,2,4,90,90,1948,standalone
Scythe,169786,7,0,0,0,0,3,8.10121,3.4532,26,1,5,115,115,2016,standalone
Sea of Legends,296238,0,0,0,0,0,1,7.46148,2.8,4455,1,5,160,40,2021,standalone
The Search for Planet X,279537,0,0,0,0,1,5,7.89766,2.4355,115,1,4,75,60,2020,standalone
Seaside,406660,0,0,0,0,0,1,7.10383,1.2222,2576,1,5,20,20,2024,standalone
Secret Hitler,188834,0,1,0,0,0,1,7.48577,1.741,266,5,10,45,45,2016,standalone
The Secret of Easthaven Forest,306946,0,0,1,0,0,3,7.5,0,0,1,6,240,240,2020,standalone
Les Secrets de Warden Keene,453913,0,0,0,1,0,3,7.49271,2,10895,1,4,240,20,2026,standalone
Sentinels of the Multiverse,102652,0,0,0,0,1,5,7.1324,2.5184,687,2,5,60,30,2011,standalone
Sequence,2375,6.5,1,0,0,0,3,6.18378,1.3066,3323,2,12,30,10,1982,standalone
Sequence for Kids,6381,0,0,1,0,0,3,5.8679,1.125,10696,2,4,20,20,2001,standalone
Shadows over Camelot,15062,0,0,1,0,0,1,7.09917,2.5688,592,3,7,90,60,2005,standalone
Sheriff of Nottingham,157969,6,1,1,0,0,3,7.04626,1.6592,609,3,5,60,60,2014,standalone
Sherlock 13,149869,0,0,0,0,0,3,6.31422,1.6,5451,2,4,15,15,2013,standalone
The Sherlock Files: Elementary Entries,282673,8,0,1,0,0,3,6.61195,1.2,0,1,8,60,40,2019,standalone
Sherlock Holmes Consulting Detective,2511,8,1,0,0,0,3,7.60284,2.6652,200,1,8,120,60,1982,standalone
Sherlock Holmes Consulting Detective: Carlton House & Queen's Park,223931,0,1,0,0,0,1,7.72765,2.25,1645,1,8,90,90,2017,standalone
Sherlock Holmes Consulting Detective: Jack the Ripper & West End Adventures,204305,0,1,0,0,0,1,7.54975,2.2115,551,1,8,90,90,2016,standalone
Sherlock Holmes Consulting Detective: The Baker Street Irregulars,296345,0,0,0,0,0,3,8.18253,2.2778,1077,1,8,90,90,2020,standalone
Skull,92415,6,0,0,0,0,3,7.17152,1.1139,490,3,6,45,15,2011,standalone
Sky Runner,482,5,0,1,0,0,1,5.54565,1.5526,25150,2,5,30,30,1999,standalone
Sky Team,373106,5,0,0,0,1,5,8.12037,2.0373,33,2,2,20,20,2023,standalone
Sleeping Gods,255984,8.5,1,0,0,0,4,8.09035,3.2649,71,1,4,1200,60,2021,standalone
Sleeping Gods: Primeval Peril,362205,0,0,0,1,0,1,7.47849,2.6897,2706,1,2,240,120,2023,standalone
Sleeping Gods: Tides of Ruin,283766,0,1,0,0,0,3,8.5227,3.1429,0,1,4,1200,60,2021,expansion
Sleeping Queens,17053,5,0,0,0,0,3,6.47632,1.0561,2615,2,5,20,20,2005,standalone
Small World,40692,6,1,0,0,0,1,7.19135,2.3468,403,2,5,80,40,2009,standalone
Sorry!,2407,5,1,1,0,0,1,4.55616,1.1583,30558,2,4,30,30,1929,standalone
Space Alert,38453,7,1,0,0,0,3,7.37766,2.9699,378,1,5,30,30,2008,standalone
Space Base,242302,8,0,0,0,1,3,7.53924,2.1315,225,2,5,60,60,2018,standalone
Space Base: The Emergence of Shy Pluto,266483,0,0,0,1,1,3,7.69638,2.125,0,2,5,75,30,2019,expansion
Spaceteam,184491,6,1,0,0,0,3,6.55549,1.0714,3286,3,6,5,5,2015,standalone
Spirit Island,162886,6,1,0,0,0,3,8.34013,4.0738,11,1,4,120,90,2017,standalone
Splendor,148228,7,1,0,0,0,2,7.42045,1.7755,243,2,4,30,30,2014,standalone
Splendor Duel,364073,0,0,0,0,0,3,7.87641,2.0217,111,2,2,30,30,2022,standalone
Spooktacular,420931,0,0,0,1,1,5,7.54302,2,2690,1,5,45,45,2025,standalone
Spy Alley,1986,4,0,1,0,0,1,5.73296,1.5077,13436,2,6,45,45,1992,standalone
Spyfall,166384,7,1,0,0,0,3,6.73686,1.2298,1104,3,8,15,15,2014,standalone
Squint,3595,5,0,1,0,0,1,5.97235,1.3582,9166,3,8,30,30,2002,standalone
Star Trek: Frontiers,182340,0,0,0,0,0,4,7.83273,4.3471,1257,1,4,240,60,2016,standalone
Star Wars: Armada,163745,0,0,1,0,0,1,7.80892,3.1538,469,2,2,120,120,2015,standalone
Star Wars: Epic Duels,3284,0,0,0,0,0,3,7.02536,1.7828,1788,2,6,30,30,2002,standalone
Star Wars: Imperial Assault,164153,0,0,1,0,0,1,7.95198,3.3011,86,2,5,120,60,2014,standalone
Star Wars: The Clone Wars,370913,0,0,0,1,0,3,7.51819,2.1642,739,1,5,60,60,2022,standalone
Star Wars: Unlock!,312267,0,1,0,0,0,2,7.03935,1.8929,1527,1,6,60,60,2020,standalone
Stationfall,316624,3,0,0,0,0,3,7.70647,3.9559,796,1,9,150,60,2023,standalone
Steam Up: A Feast of Dim Sum,307561,0,0,0,0,0,3,6.66753,1.5745,3485,2,5,60,40,2023,standalone
Steam Works,143176,0,0,1,0,0,3,6.77376,3.1364,3562,2,5,120,90,2015,standalone
Stella: Dixit Universe,329845,8,0,0,0,0,3,7.27623,1.16,988,3,6,30,30,2021,standalone
Stokerverse,431169,0,0,0,1,0,3,7.71053,1,0,2,6,20,40,2025,standalone
Stuffed Fables,233312,0,0,0,1,0,4,7.40022,2.4615,604,2,4,90,60,2018,standalone
Stupid Deaths,258855,3,0,1,0,0,1,4.34763,1,30474,2,6,0,0,2018,standalone
Survivor,3623,0,0,1,0,0,3,3.97232,1.2,30398,4,8,60,60,2000,standalone
Sushi Go!,133473,5,1,1,0,0,1,6.98227,1.1644,657,2,5,15,15,2013,standalone
"Suspects: Adele and Neville, Investigative Reporters",387202,6,1,0,0,0,1,7.54071,2.3333,9691,1,6,90,60,2023,standalone
T.I.M.E Stories,146508,10,1,0,0,0,1,7.34348,2.5864,353,2,4,90,90,2015,standalone
T.I.M.E Stories: A Prophecy of Dragons,189035,9,1,0,0,0,1,7.51774,2.6447,0,2,4,180,90,2016,expansion
T.I.M.E Stories: Brotherhood of the Coast,220839,0,1,0,0,0,3,7.6302,2.8,0,2,4,240,90,2018,expansion
T.I.M.E Stories: Expedition – Endurance,193527,5,1,0,0,0,1,7.35572,2.25,0,2,4,90,60,2017,expansion
T.I.M.E Stories: Lumen Fidei,213099,0,1,0,0,0,3,7.38312,2.9412,0,2,4,0,90,2017,expansion
T.I.M.E Stories: The Marcy Case,180585,8,1,0,0,0,1,7.48006,2.6733,0,2,4,90,60,2015,expansion
T.I.M.E Stories: Under the Mask,189686,8,1,0,0,0,3,7.26156,2.4583,0,2,4,0,90,2016,expansion
Taboo,1111,4,1,0,0,0,1,6.32021,1.1991,2464,4,10,20,20,1989,standalone
Taco Cat Goat Cheese Pizza,253664,0,1,1,0,0,3,6.47462,1.0338,2348,2,8,30,10,2018,standalone
Tainted Grail: Kings of Ruin,360366,0,0,0,1,1,3,8.63941,3.2857,1706,1,4,120,90,2024,standalone
Tainted Grail: The Fall of Avalon,264220,0,0,0,1,0,4,8.02812,3.3712,136,1,4,120,60,2019,standalone
Tales of the Arabian Nights,34119,0,0,0,0,1,4,7.15551,2.155,701,2,6,120,120,2009,standalone
Tales of the Arabian Nights: 40th Anniversary,432392,0,0,0,1,1,4,8.12778,2,10982,1,6,120,120,2026,standalone
Tales of the Arthurian Knights,377704,0,0,0,1,1,3,7.94394,2.25,3072,1,4,180,120,2024,standalone
Teenage Mutant Ninja Turtles: Shadows of the Past,180771,0,0,1,0,0,3,7.36646,2.7353,2575,2,5,90,60,2016,standalone
Telestrations,46213,8,1,1,0,0,3,7.37693,1.0697,348,4,8,30,30,2009,standalone
Temporum,162263,3,0,1,0,0,1,6.34689,2.1538,5246,2,5,35,35,2014,standalone
Terminal,306945,0,0,1,0,0,3,0,0,0,1,6,240,45,2018,standalone
Terra Mystica,120677,7,1,0,0,0,3,8.03315,3.9721,35,2,5,150,60,2012,standalone
Terraforming Mars,167791,8,1,0,0,0,3,8.33802,3.2716,9,1,5,120,120,2016,standalone
Terraforming Mars: Ares Expedition,328871,0,0,0,1,0,3,7.63649,2.9241,189,1,4,60,45,2021,standalone
Terraforming Mars: Prelude,247030,0,1,0,0,0,1,8.84793,2.5643,0,1,5,120,90,2018,expansion
Ticket to Ride,9209,6,1,0,0,0,3,7.38565,1.8201,258,2,5,60,30,2004,standalone
TIME Stories Revolution: A Midsummer Night,271524,0,1,0,0,0,3,6.67234,2.3125,5988,1,4,180,180,2020,standalone
TIME Stories Revolution: Experience,284819,0,1,0,0,0,3,6.62522,3,0,1,4,180,180,2020,expansion
TIME Stories Revolution: The Hadal Project,287742,0,1,0,0,0,1,6.94351,2.5714,3823,1,4,180,180,2020,standalone
Timescape: Saving Shakespeare,408635,5,0,1,0,0,3,5.66667,1.5,0,1,99,60,60,2023,standalone
Tiny Epic Crimes,374039,0,0,0,1,0,1,6.82075,2.6154,5557,1,4,60,30,2023,standalone
Tiny Epic Cthulhu,404893,0,0,0,0,1,5,6.92528,2.8571,5711,1,4,45,30,2024,standalone
Tiny Epic Defenders,155708,0,0,0,0,1,3,6.24092,1.8241,3904,1,4,30,30,2015,standalone
Tiny Epic Defenders (Second Edition),238656,0,0,0,0,0,3,6.91975,2.05,2533,1,4,60,30,2018,standalone
Tiny Epic Galaxies,163967,0,0,0,0,0,1,7.31878,2.1547,393,1,5,45,30,2015,standalone
Tiny Epic Tactics,272409,0,0,1,0,0,3,6.65237,2.5676,3542,1,4,60,30,2019,standalone
Tiny Epic Zombies,244536,0,0,0,0,0,1,6.94269,2.4962,1391,1,5,45,30,2018,standalone
Tokaido,123540,6,1,1,0,0,1,6.91067,1.7426,840,1,5,45,45,2012,standalone
Townsfolk Tussle,312859,0,0,0,1,0,3,7.6845,2.5902,1484,1,5,200,40,2022,standalone
Toy Battle,434654,7,0,0,0,0,3,7.79996,1.4604,407,2,2,15,15,2025,standalone
TransAmerica,2842,5,0,1,0,0,1,6.69335,1.3467,1543,2,6,30,30,2001,standalone
Trash Pandas,216439,0,1,1,0,0,3,6.49978,1.4259,2990,2,4,20,15,2017,standalone
Trivial Pursuit: 20th Anniversary Edition,4492,4,0,0,0,0,1,5.22759,1.7765,30408,2,6,180,180,2002,standalone
Trouble,1410,5,1,1,0,0,1,3.8774,1.0679,30566,2,4,45,45,1965,standalone
Tsuro,16992,5,0,0,0,0,3,6.6676,1.2187,1240,2,8,20,15,2005,standalone
Turing Machine,356123,5,0,0,0,1,5,7.60756,2.5408,321,1,4,20,20,2022,standalone
Turning the Tables,5806,1,0,1,0,0,3,4.4,0,0,2,6,60,60,1990,standalone
Twilight Imperium: Fourth Edition,233078,8,0,0,1,0,3,8.56438,4.3539,7,3,6,480,240,2017,standalone
Tzolk'in: The Mayan Calendar,126163,0,0,1,0,0,1,7.84633,3.6646,73,2,4,90,90,2012,standalone
Unfathomable,340466,7,0,0,0,0,3,7.4646,3.1244,603,3,6,240,120,2021,standalone
Unlock! Kids: Detective Stories,327056,0,0,0,0,0,1,7.64841,1.5,2058,1,4,60,20,2021,standalone
Unlock!: Epic Adventures,294612,8,0,1,0,0,1,7.6474,2.12,961,1,6,60,60,2019,standalone
Unlock!: Escape Adventures,213460,7,0,1,0,0,3,7.3257,2.1215,697,2,6,75,45,2017,standalone
Unlock!: Escape Adventures – Fifth Avenue,229632,0,1,0,0,0,1,6.73443,1.5625,5035,1,6,30,30,2017,standalone
Unlock!: Exotic Adventures,254226,6,0,1,0,0,3,7.26246,2.2,1566,1,6,90,60,2018,standalone
Unlock!: Game Adventures,350636,0,1,0,0,0,1,7.84111,2.36,1225,1,6,60,30,2021,standalone
Unlock!: Heroic Adventures,266121,8,0,1,0,0,1,7.57312,2.24,721,1,6,60,60,2018,standalone
Unlock!: Legendary Adventures,330084,0,1,0,0,0,1,7.47492,2.2353,2111,1,6,60,60,2021,standalone
Unlock!: Mystery Adventures,228867,8,0,1,0,0,1,7.30413,2.102,1026,1,6,75,45,2017,standalone
Unlock!: Mythic Adventures,302425,7,0,1,0,0,1,7.64978,2.1739,1344,1,6,60,60,2020,standalone
Unlock!: Secret Adventures – A Noside Story,245352,7,0,1,0,0,1,6.99687,2.4783,2846,1,6,60,60,2018,standalone
Unlock!: Secret Adventures – The Adventurers of Oz,245354,7,1,0,0,0,1,7.32335,2.8571,2083,1,6,60,60,2018,standalone
Unlock!: Secret Adventures – Tombstone Express,245353,0,0,0,1,0,3,6.65582,2.1333,3653,1,6,60,60,2018,standalone
Unlock!: The Escape Room Game – In Pursuit of the Iron Mask,303418,0,1,0,0,0,3,6.50137,1.5556,8120,1,6,60,60,2020,standalone
Unlock!: The Ghost Stone,350760,0,1,0,0,0,3,6.28179,1.25,13597,1,6,0,30,2021,standalone
Unlock!: Timeless Adventures,279613,8,0,1,0,0,1,7.71544,2.0667,817,1,6,90,60,2019,standalone
"Unmatched: Battle of Legends, Volume One",274637,0,0,0,0,0,4,7.67659,1.9412,295,2,4,40,20,2019,standalone
Unmatched: Cobble & Fog,294484,0,0,0,0,0,3,7.92422,1.966,190,2,4,40,20,2020,standalone
UNO,2223,0,1,1,0,0,1,5.48179,1.1002,30428,2,10,30,30,1971,standalone
Unsettled,290484,0,0,0,1,1,3,8.05963,3.2846,470,2,4,90,60,2021,standalone
Unsolved Case Files: Avery & Zoey Gardner,342283,8,0,1,0,0,3,7.16296,2,16260,1,8,180,180,2021,standalone
Unsolved Case Files: Harmony Ashcroft,313467,8,0,1,0,0,1,6.78304,1.6667,8584,1,8,120,30,2020,standalone
Unsolved Case Files: Jamie Banks,342257,6,0,1,0,0,1,6.54866,1.6667,14475,1,4,360,120,2019,standalone
Unsolved Case Files: Jane Doe,342280,0,0,0,1,0,3,6.05704,0,0,1,8,180,180,2020,standalone
Unsolved Case Files: Max Cahill,342279,6,0,1,0,0,3,5.91667,0,0,1,8,180,180,2021,standalone
Unsolved Case Files: Sandra Ivey,392427,5,0,1,0,0,3,7.66,0,0,1,8,180,180,2022,standalone
Unsolved Case Files: ​Veronica Falcone,342282,6,0,1,0,0,3,7.01923,0,0,1,8,180,180,2021,standalone
Until Proven Guilty: The Starry Sky Necklace,422181,0,0,0,1,0,3,6.32826,2,16197,1,6,90,75,2024,standalone
Upwords,1515,0,0,1,0,0,1,5.77167,1.6681,8083,2,4,90,90,1982,standalone
Vagrantsong,340325,0,1,0,0,0,1,7.42482,3.1981,1353,2,4,120,45,2022,standalone
Vantage,420033,6,1,0,0,0,3,8.22496,2.3373,213,1,6,180,120,2025,standalone
Vienna Connection,299255,8,1,0,0,0,1,7.1504,2.1724,3247,1,5,180,120,2021,standalone
Viticulture,128621,5,0,0,0,0,3,7.47349,2.9527,319,2,6,90,90,2013,standalone
Vye: The Card Game of Capture and Control,142239,4,0,1,0,0,3,6.70193,1.6176,5943,2,5,20,20,2013,standalone
War Story: Occupied France,408381,0,0,0,1,0,3,7.95525,2.0625,3756,1,6,60,45,2024,standalone
Waste Knights,174260,0,0,0,0,0,1,6.47283,3.6087,9972,2,4,240,90,2015,standalone
Waste Knights: Second Edition,247585,0,0,0,0,0,1,7.50109,2.962,2520,1,4,180,90,2021,standalone
Watson & Holmes,182694,0,1,0,0,0,1,7.23682,2.1552,1541,2,7,75,45,2015,standalone
Watson & Holmes: The lost diaries,346142,0,0,0,1,0,4,9.8,0,0,1,7,90,45,2026,standalone
Weed!,9227,4,0,1,0,0,1,5.3719,1.0769,27982,2,4,20,20,2002,standalone
The Wilson Wolfe Affair,237798,0,0,0,0,1,3,7.7924,3,12896,1,10,0,0,2017,standalone
Wingspan,266192,8,1,0,0,0,4,7.99939,2.4799,38,1,5,70,40,2019,standalone
Wingspan Asia,366161,0,0,0,0,0,3,8.21655,2.6573,88,1,2,70,40,2022,standalone
Witchcraft!,383499,0,0,0,1,0,3,7.62909,2.4493,1187,1,1,40,20,2023,standalone
Wits & Wagers,20100,6,1,1,0,0,1,6.92691,1.2047,860,3,7,25,25,2005,standalone
Wizards Wanted,217531,4,0,1,0,0,3,6.65582,1.9167,7158,2,4,60,60,2017,standalone
Wonderland's War,227935,0,0,0,1,0,3,8.03622,3.0382,133,2,5,125,45,2022,standalone
The Worst-Case Scenario Survival Game,5050,0,0,1,0,0,1,3.37392,1.1875,30542,2,10,40,20,2001,standalone
Wyrmspan,410201,7.5,0,0,0,0,3,7.95861,2.8264,124,1,5,90,90,2024,standalone
Xtronaut: The Game of Solar System Exploration,185302,5,0,1,0,0,3,5.96804,1.2,20546,2,4,60,30,2016,standalone
Zombicide: Invader,248065,0,0,0,1,0,3,7.75437,2.3483,1056,1,6,60,60,2019,standalone
Zombie Kidz Evolution,256952,6,0,1,0,0,3,7.56296,1.3774,576,2,4,15,15,2018,standalone
Zombies!!!,2471,3,0,1,0,0,3,5.79426,1.6117,8985,2,6,90,60,2001,standalone
